category,revenue,orders,items,aov,revenue_share_pct,revenue_rank
health_beauty,1233131.72,8647,9465,142.60803978258355,9.326717061414758,1
watches_gifts,1166176.98,5495,5859,212.225110100091,8.82030894152584,2
bed_bath_table,1023434.76,9272,10953,110.37907247627265,7.740686807843138,3
sports_leisure,954852.55,7530,8431,126.8064475431607,7.221969417200937,4
computers_accessories,888724.61,6530,7644,136.09871516079633,6.721814749024684,5
furniture_decor,711927.6900000001,6307,8160,112.87897415570002,5.384621954917028,6
housewares,615628.69,5743,6795,107.19635904579486,4.656270302185899,7
cool_stuff,610204.1,3559,3718,171.4538072492273,4.615241744341178,8
auto,578966.65,3810,4140,151.95975065616798,4.378979183622937,9
toys,471286.48,3804,4030,123.89234490010514,3.5645467410651843,10
garden_tools,470495.27999999997,3448,4268,136.4545475638051,3.5585625477958787,11
baby,400421.84,2809,2982,142.54960484158065,3.0285663293870106,12
perfumery,390144.65,3086,3340,126.42406027219702,2.9508354254115607,13
telephony,309860.23,4093,4430,75.70491815294405,2.3436090783512578,14
office_furniture,268154.31,1254,1668,213.83916267942584,2.0281688789652597,15
stationery,223788.69,2264,2466,98.8465945229682,1.692612199753209,16
computers,218684.14,177,199,1235.503615819209,1.654004245060547,17
pet_shop,211695.64,1688,1924,125.41210900473935,1.6011471486720954,18
musical_instruments,184315.74,611,651,301.66242225859247,1.3940609336894576,19
small_appliances,182754.12,609,658,300.0888669950739,1.382249715421999,20
unknown,170726.63,1392,1537,122.64844109195403,1.2912805234292772,21
electronics,155043.93,2517,2729,61.59870083432658,1.1726653720332452,22
fashion_bags_accessories,149329.39,1820,1985,82.04911538461539,1.1294437949286218,23
consoles_games,148003.37,1018,1089,145.38641453831042,1.1194145229885752,24
construction_tools_construction,142108.49,736,916,193.08218749999997,1.0748289552189028,25
luggage_accessories,138701.63,1019,1077,136.11543670264967,1.049061375995613,26
home_appliances_2,107953.95,227,231,475.5680616740088,0.8165031610022292,27
home_construction,81407.57,483,596,168.54569358178054,0.6157212240451623,28
home_appliances,78832.48,747,754,105.53210174029451,0.596244686828458,29
agro_industry_and_commerce,70566.1,177,206,398.6785310734464,0.5337224224736512,30
furniture_living_room,67350.7,414,495,162.68285024154588,0.5094029393617634,31
home_confort,58008.450000000004,392,429,147.98073979591837,0.4387433974378868,32
fixed_telephony,55315.21,212,255,260.92080188679245,0.41837323985367947,33
air_conditioning,53323.56,246,289,216.76243902439023,0.4033095157323287,34
audio,50570.6,348,362,145.31781609195403,0.3824876695459437,35
small_appliances_home_oven_and_coffee,46589.56,72,73,647.0772222222222,0.35237731467633204,36
kitchen_dining_laundry_garden_furniture,45531.98,241,274,188.929377593361,0.34437837241425884,37
books_general_interest,45302.15,496,537,91.33497983870969,0.34264006713230166,38
construction_tools_lights,39957.0,242,301,165.11157024793388,0.30221234891512605,39
construction_tools_safety,38773.22,159,183,243.85672955974843,0.2932589005982167,40
industry_commerce_and_business,38498.81,232,265,165.94314655172414,0.29118341718690455,41
food,28731.15,441,499,65.15,0.2173063124992573,42
market_place,27795.77,274,305,101.44441605839417,0.21023162253433925,43
costruction_tools_garden,25096.28,190,232,132.0856842105263,0.18981419345375528,44
art,23657.3,195,197,121.31948717948717,0.17893055539679684,45
fashion_shoes,23001.46,235,257,97.87855319148936,0.17397014928741686,46
drinks,21529.84,287,361,75.01686411149826,0.1628396405677813,47
signaling_and_security,21315.05,138,197,154.456884057971,0.16121508941470475,48
furniture_bedroom,19051.8,90,103,211.68666666666667,0.1440971351468128,49
books_technical,18702.23,256,263,73.0555859375,0.14145318362867426,50
costruction_tools_tools,15903.95,97,103,163.95824742268042,0.12028856236776332,51
food_drink,14942.88,221,269,67.61484162895927,0.11301956764413892,52
fashion_male_clothing,10452.33,106,125,98.60688679245283,0.07905556475551316,53
fashion_underwear_beach,9305.95,117,127,79.53803418803419,0.07038498907292133,54
christmas_supplies,8737.84,125,150,69.90272,0.0660881235038803,55
tablets_printing_image,7528.41,79,83,95.29632911392405,0.056940672965841384,56
cine_photo,6674.47,63,70,105.94396825396827,0.050481949507308894,57
music,6034.35,38,38,158.79868421052632,0.04564044066561531,58
dvds_blu_ray,4542.59,56,61,81.11767857142857,0.034357604276055824,59
party_supplies,4465.1900000000005,38,42,117.50500000000001,0.033772194064928096,60
books_imported,4418.86,50,57,88.37719999999999,0.03342177991658767,61
furniture_mattress_and_upholstery,4323.38,37,37,116.84810810810811,0.03269962272074174,62
portateis_cozinha_e_preparadores_de_alimentos,3933.63,13,14,302.5869230769231,0.02975177220669738,63
fashio_female_clothing,2634.94,36,45,73.19277777777778,0.019929209066006513,64
fashion_sport,2094.52,26,29,80.55846153846154,0.015841775134512345,65
la_cuisine,2054.99,13,14,158.07615384615383,0.015542792374229666,66
arts_and_craftmanship,1814.01,23,24,78.87,0.013720154742736638,67
diapers_and_hygiene,1500.79,25,37,60.0316,0.011351134247524389,68
pc_gamer,1306.95,7,8,186.70714285714286,0.009885037150302175,69
flowers,1110.04,29,33,38.27724137931035,0.008395720294059777,70
home_comfort_2,760.27,24,30,31.677916666666665,0.005750256088037212,71
cds_dvds_musicals,730.0,12,14,60.833333333333336,0.005521310776786095,72
fashion_childrens_clothes,519.95,7,7,74.27857142857144,0.003932610326561549,73
security_and_services,283.28999999999996,2,2,141.64499999999998,0.0021426467533640177,74
