cohort,period,customers,cohort_size,retention_pct
2016-09,0,1,1,100.0
2016-10,0,262,262,100.0
2016-10,6,1,262,0.3816793893129771
2016-10,9,1,262,0.3816793893129771
2016-10,11,1,262,0.3816793893129771
2016-10,13,1,262,0.3816793893129771
2016-10,15,1,262,0.3816793893129771
2016-10,17,1,262,0.3816793893129771
2016-10,19,2,262,0.7633587786259542
2016-10,20,2,262,0.7633587786259542
2016-12,0,1,1,100.0
2016-12,1,1,1,100.0
2017-01,0,717,717,100.0
2017-01,1,2,717,0.2789400278940028
2017-01,2,2,717,0.2789400278940028
2017-01,3,1,717,0.1394700139470014
2017-01,4,3,717,0.41841004184100417
2017-01,5,1,717,0.1394700139470014
2017-01,6,3,717,0.41841004184100417
2017-01,7,1,717,0.1394700139470014
2017-01,8,1,717,0.1394700139470014
2017-01,10,3,717,0.41841004184100417
2017-01,11,1,717,0.1394700139470014
2017-01,12,5,717,0.697350069735007
2017-01,13,3,717,0.41841004184100417
2017-01,14,1,717,0.1394700139470014
2017-01,15,1,717,0.1394700139470014
2017-01,16,2,717,0.2789400278940028
2017-01,17,3,717,0.41841004184100417
2017-01,19,1,717,0.1394700139470014
2017-02,0,1628,1628,100.0
2017-02,1,3,1628,0.18427518427518427
2017-02,2,5,1628,0.3071253071253071
2017-02,3,2,1628,0.12285012285012285
2017-02,4,7,1628,0.42997542997543
2017-02,5,2,1628,0.12285012285012285
2017-02,6,4,1628,0.2457002457002457
2017-02,7,3,1628,0.18427518427518427
2017-02,8,2,1628,0.12285012285012285
2017-02,9,3,1628,0.18427518427518427
2017-02,10,2,1628,0.12285012285012285
2017-02,11,5,1628,0.3071253071253071
2017-02,12,2,1628,0.12285012285012285
2017-02,13,3,1628,0.18427518427518427
2017-02,14,2,1628,0.12285012285012285
2017-02,15,1,1628,0.06142506142506143
2017-02,16,1,1628,0.06142506142506143
2017-02,17,3,1628,0.18427518427518427
2017-03,0,2503,2503,100.0
2017-03,1,11,2503,0.4394726328405913
2017-03,2,9,2503,0.3595685177786656
2017-03,3,10,2503,0.3995205753096284
2017-03,4,9,2503,0.3595685177786656
2017-03,5,4,2503,0.15980823012385137
2017-03,6,4,2503,0.15980823012385137
2017-03,7,8,2503,0.31961646024770274
2017-03,8,8,2503,0.31961646024770274
2017-03,9,2,2503,0.07990411506192568
2017-03,10,9,2503,0.3595685177786656
2017-03,11,3,2503,0.11985617259288853
2017-03,12,5,2503,0.1997602876548142
2017-03,13,3,2503,0.11985617259288853
2017-03,14,4,2503,0.15980823012385137
2017-03,15,6,2503,0.23971234518577705
2017-03,16,2,2503,0.07990411506192568
2017-03,17,3,2503,0.11985617259288853
2017-04,0,2256,2256,100.0
2017-04,1,14,2256,0.6205673758865248
2017-04,2,5,2256,0.22163120567375885
2017-04,3,4,2256,0.1773049645390071
2017-04,4,6,2256,0.26595744680851063
2017-04,5,6,2256,0.26595744680851063
2017-04,6,8,2256,0.3546099290780142
2017-04,7,7,2256,0.3102836879432624
2017-04,8,7,2256,0.3102836879432624
2017-04,9,4,2256,0.1773049645390071
2017-04,10,6,2256,0.26595744680851063
2017-04,11,2,2256,0.08865248226950355
2017-04,12,1,2256,0.044326241134751775
2017-04,13,1,2256,0.044326241134751775
2017-04,14,2,2256,0.08865248226950355
2017-04,15,2,2256,0.08865248226950355
2017-04,16,3,2256,0.13297872340425532
2017-05,0,3451,3451,100.0
2017-05,1,16,3451,0.4636337293538105
2017-05,2,16,3451,0.4636337293538105
2017-05,3,10,3451,0.28977108084613157
2017-05,4,10,3451,0.28977108084613157
2017-05,5,11,3451,0.3187481889307447
2017-05,6,14,3451,0.4056795131845842
2017-05,7,5,3451,0.14488554042306578
2017-05,8,9,3451,0.2607939727615184
2017-05,9,9,3451,0.2607939727615184
2017-05,10,9,3451,0.2607939727615184
2017-05,11,12,3451,0.34772529701535787
2017-05,12,8,3451,0.23181686467690524
2017-05,13,1,3451,0.028977108084613155
2017-05,14,6,3451,0.17386264850767894
2017-05,15,7,3451,0.2028397565922921
2017-06,0,3037,3037,100.0
2017-06,1,15,3037,0.4939084622983207
2017-06,2,12,3037,0.3951267698386566
2017-06,3,13,3037,0.4280540006585446
2017-06,4,9,3037,0.2963450773789924
2017-06,5,12,3037,0.3951267698386566
2017-06,6,11,3037,0.3621995390187685
2017-06,7,7,3037,0.23049061573921634
2017-06,8,4,3037,0.1317089232795522
2017-06,9,6,3037,0.1975633849193283
2017-06,10,9,3037,0.2963450773789924
2017-06,11,11,3037,0.3621995390187685
2017-06,12,5,3037,0.16463615409944024
2017-06,13,5,3037,0.16463615409944024
2017-06,14,7,3037,0.23049061573921634
2017-07,0,3752,3752,100.0
2017-07,1,20,3752,0.5330490405117271
2017-07,2,13,3752,0.3464818763326226
2017-07,3,9,3752,0.23987206823027718
2017-07,4,11,3752,0.2931769722814499
2017-07,5,8,3752,0.21321961620469082
2017-07,6,12,3752,0.31982942430703626
2017-07,7,4,3752,0.10660980810234541
2017-07,8,7,3752,0.1865671641791045
2017-07,9,10,3752,0.26652452025586354
2017-07,10,8,3752,0.21321961620469082
2017-07,11,11,3752,0.2931769722814499
2017-07,12,5,3752,0.13326226012793177
2017-07,13,9,3752,0.23987206823027718
2017-08,0,4057,4057,100.0
2017-08,1,28,4057,0.6901651466600937
2017-08,2,14,4057,0.3450825733300468
2017-08,3,11,4057,0.27113630761646534
2017-08,4,14,4057,0.3450825733300468
2017-08,5,21,4057,0.5176238599950702
2017-08,6,12,4057,0.2957850628543259
2017-08,7,11,4057,0.27113630761646534
2017-08,8,6,4057,0.14789253142716294
2017-08,9,6,4057,0.14789253142716294
2017-08,10,10,4057,0.24648755237860487
2017-08,11,8,4057,0.19719004190288392
2017-08,12,5,4057,0.12324377618930243
2017-09,0,4004,4004,100.0
2017-09,1,28,4004,0.6993006993006993
2017-09,2,22,4004,0.5494505494505495
2017-09,3,11,4004,0.27472527472527475
2017-09,4,18,4004,0.44955044955044954
2017-09,5,9,4004,0.22477522477522477
2017-09,6,9,4004,0.22477522477522477
2017-09,7,10,4004,0.24975024975024976
2017-09,8,11,4004,0.27472527472527475
2017-09,9,7,4004,0.17482517482517482
2017-09,10,10,4004,0.24975024975024976
2017-09,11,3,4004,0.07492507492507493
2017-10,0,4328,4328,100.0
2017-10,1,31,4328,0.7162661737523105
2017-10,2,11,4328,0.2541589648798521
2017-10,3,4,4328,0.09242144177449169
2017-10,4,10,4328,0.23105360443622922
2017-10,5,9,4328,0.20794824399260628
2017-10,6,9,4328,0.20794824399260628
2017-10,7,16,4328,0.36968576709796674
2017-10,8,12,4328,0.27726432532347506
2017-10,9,8,4328,0.18484288354898337
2017-10,10,9,4328,0.20794824399260628
2017-11,0,7060,7060,100.0
2017-11,1,40,7060,0.56657223796034
2017-11,2,26,7060,0.36827195467422097
2017-11,3,12,7060,0.16997167138810199
2017-11,4,12,7060,0.16997167138810199
2017-11,5,13,7060,0.18413597733711048
2017-11,6,8,7060,0.11331444759206799
2017-11,7,13,7060,0.18413597733711048
2017-11,8,9,7060,0.1274787535410765
2017-11,9,4,7060,0.056657223796033995
2017-12,0,5338,5338,100.0
2017-12,1,11,5338,0.20606968902210565
2017-12,2,15,5338,0.28100412139378045
2017-12,3,18,5338,0.3372049456725365
2017-12,4,14,5338,0.26227051330086176
2017-12,5,11,5338,0.20606968902210565
2017-12,6,9,5338,0.16860247283626825
2017-12,7,1,5338,0.018733608092918696
2017-12,8,10,5338,0.18733608092918697
2018-01,0,6842,6842,100.0
2018-01,1,23,6842,0.33615901783104357
2018-01,2,25,6842,0.3653902367728734
2018-01,3,20,6842,0.29231218941829873
2018-01,4,20,6842,0.29231218941829873
2018-01,5,11,6842,0.1607717041800643
2018-01,6,12,6842,0.17538731365097926
2018-01,7,16,6842,0.233849751534639
2018-02,0,6288,6288,100.0
2018-02,1,22,6288,0.34987277353689566
2018-02,2,25,6288,0.3975826972010178
2018-02,3,19,6288,0.30216284987277353
2018-02,4,16,6288,0.2544529262086514
2018-02,5,14,6288,0.22264631043256997
2018-02,6,13,6288,0.20674300254452926
2018-03,0,6774,6774,100.0
2018-03,1,27,6774,0.3985828166519043
2018-03,2,20,6774,0.29524653085326247
2018-03,3,20,6774,0.29524653085326247
2018-03,4,8,6774,0.11809861234130499
2018-03,5,8,6774,0.11809861234130499
2018-04,0,6582,6582,100.0
2018-04,1,39,6582,0.5925250683682771
2018-04,2,20,6582,0.3038590094196293
2018-04,3,16,6582,0.24308720753570343
2018-04,4,9,6582,0.13673655423883319
2018-05,0,6506,6506,100.0
2018-05,1,34,6506,0.522594528127882
2018-05,2,17,6506,0.261297264063941
2018-05,3,12,6506,0.18444512757454656
2018-06,0,5878,5878,100.0
2018-06,1,25,5878,0.4253147329023477
2018-06,2,16,5878,0.27220142905750255
2018-07,0,5949,5949,100.0
2018-07,1,31,5949,0.5210959825180702
2018-08,0,6144,6144,100.0
