customer_state,revenue,orders,customers,aov,revenue_share_pct
SP,5067633.16,40501,39156,125.12365521838967,38.328736409735036
RJ,1759651.1300000001,12350,11917,142.48187287449394,13.309014722538125
MG,1552481.83,11354,11001,136.73435177030123,11.742102272251506
RS,728897.47,5345,5168,136.36996632366697,5.512971857922082
PR,666063.51,4923,4769,135.2962644728824,5.037731007927361
SC,507012.13,3546,3449,142.9814241398759,3.834755530589415
BA,493584.14,3256,3158,151.5921805896806,3.733193741688626
DF,296498.41,2080,2019,142.54731249999998,2.242547762236907
GO,282836.7,1957,1895,144.5256515074093,2.139218246274816
ES,268643.45,1995,1928,134.6583709273183,2.0318684597232832
PE,251889.49,1593,1551,158.12271814187068,1.9051508982139087
CE,219757.38,1279,1258,171.8196872556685,1.6621216307839413
PA,174470.59,946,922,184.42979915433403,1.3195977380811348
MT,152191.62,886,856,171.77383747178328,1.151092098140458
MA,117009.38,717,700,163.19299860529986,0.8849933572315882
MS,115429.97,701,681,164.6647218259629,0.8730475853768435
PB,112586.82,517,504,217.76947775628628,0.8515435925891456
PI,84721.0,476,464,177.98529411764707,0.6407821511234175
RN,82105.66,474,464,173.21869198312237,0.621001185470048
AL,78855.72,397,387,198.6290176322418,0.5964204611605847
SE,56574.19,335,329,168.87817910447762,0.42789545881499197
TO,48402.51,274,267,176.65149635036497,0.3660894521732832
RO,45682.76,243,231,187.99489711934157,0.3455187878100449
AM,22155.84,145,140,152.79889655172414,0.1675743536448609
AC,15930.97,80,76,199.137125,0.1204929265008986
AP,13374.81,67,66,199.62402985074627,0.10115956519241978
RR,7057.47,41,40,172.13341463414633,0.053378746805266525
